nombre_carta,tipo,raza,coste,fuerza
13 HEROES SHAOLIN,,,4.0,4
47 RONIN,,,1.0,1
ABACO,,,,0
ABOMINACION,,,4.0,2
ABRAMELIN EL MAGO,,,5.0,5
ACIHUATL,,,5.0,5
ACTO DE FE,,,4.0,0
ACUPUNTURA,,,4.0,0
ADIVINA,,,2.0,2
AEGIR,,,3.0,2
AETGIR,,,2.0,0
AFRODITA,,,2.0,0
AGRAVAIN,,,2.0,2
AGUA SAGRADA,,,,0
AH PUCH,,,5.0,0
AHAYUTA,,,2.0,3
AHU KIN,,,3.0,3
ALABARDA DE SANGRE,,,3.0,0
ALAS NEGRAS,,,3.0,2
ALBION,,,3.0,0
ALCIS,,,2.0,5
ALFHEIM,,,2.0,0
ALIENDO DE CONSUNCION,,,1.0,0
ALIENTO ARDIENTE,,,3.0,0
ALIENTO CONGELANTE,,,2.0,0
ALIENTO DE FUEGO,,,,0
ALIMANA,,,1.0,2
ALPHART,,,,0
ALTAR DE HADAS,,,4.0,0
ALTAR DE LA BESTIA,,,1.0,0
ALTAR DE ODIN,,,3.0,0
ALTAR SACRO,,,3.0,0
ALTO CESAR,,,2.0,3
AMA NO FUCHIGOMA,,,2.0,2
AMANDU,,,2.0,1
AMANECER,,,2.0,0
AMANOZAKO,,,2.0,3
AMARU,,,5.0,5
AMATERATSU,,,3.0,3
AMATSU MARA,,,3.0,3
AMAZONAS,,,2.0,2
AMBROCE,,,4.0,4
AMOR DE VALKYRIA,,,1.0,0
AMULETO DE CARIBU,,,,0
AMULETO DE THOR,,,2.0,0
AMULETO PAGANO,,,,0
ANCHANCHO,,,3.0,0
ANCHIMALLEN,,,2.0,0
ANFIPTERO,,,3.0,3
ANIMA NEGRA,,,2.0,0
ANIQUILAR,,,5.0,0
ANTU,,,4.0,4
ANUBIS,,,2.0,0
AO GUANG,,,3.0,3
APOLO,,,2.0,0
APU ILLA,,,2.0,2
AQUILES,,,2.0,0
ARANA TROLL,,,2.0,2
ARBOL DE LA JUSTICIA,,,4.0,0
ARCABUZ,,,2.0,0
ARCO DE ULLR,,,3.0,0
ARCO DELAWARE,,,2.0,0
ARCO HUNO,,,,0
ARCO NASKAPI,,,3.0,0
ARCO Y FLECHAS,,,3.0,0
ARGONAUTAS,,,2.0,1
ARLEQUIN,,,3.0,0
ARMADURA DE VALKYRIA,,,,0
ARMADURA DORADA,,,2.0,0
ARMSTRONG,,,3.0,3
ARPIA,,,2.0,0
ARQUETA DE ORO,,,,0
ARTEGALL,,,1.0,3
ASALTAR SANTUARIO,,,3.0,0
ASESINO DEL EMPERADOR,,,3.0,0
ASGARD,,,3.0,0
ASKAFROA,,,,0
ASTUCIA DE LOKI,,,4.0,0
ATAQUE DRAGON,,,6.0,0
ATAQUE RELAMPAGO,,,2.0,0
ATAQUE SUICIDA,,,,0
ATAUD DE MARFIL,,,,0
ATILA,,,,0
ATLAS,,,2.0,2
ATLASOV,,,3.0,2
ATLATL,,,3.0,0
ATOTOLIN,,,1.0,1
AUCA,,,1.0,0
AVALON,,,2.0,0
AVE FENIX,,,3.0,2
AYAYEMA,,,4.0,4
AZTLAN,,,3.0,0
BAAL,,,3.0,0
BACULO,,,,0
BACULO DEL TRUENO,,,2.0,0
BAFOMETH,,,,0
BAHKAUV,,,,0
BAI SHE JIAN,,,2.0,0
BAI SUZHEN,,,2.0,2
BAI YU FENG,,,1.0,1
BAIGUJING,,,4.0,4
BAIJE,,,2.0,1
BAIMA SI,,,3.0,0
BAISHE TU XIN,,,1.0,0
BAK MEI,,,4.0,5
BAKU,,,,0
BALAS DE PLATA,,,2.0,0
BALDER,,,4.0,2
BALDRAZ,,,,0
BALDUR,,,3.0,3
BALLESTA,,,2.0,0
BALMUNG,,,,0
BANQUETE CHINO,,,2.0,0
BANQUETE JAPONES,,,1.0,0
BARBARO,,,3.0,2
BARNSTOKK,,,2.0,0
BASHE,,,5.0,5
BASHO SEN,,,2.0,0
BASILISCO,,,2.0,2
BAT MASTERSON,,,3.0,3
BAYARD,,,1.0,0
BEDD Y DRAIG,,,4.0,0
BEERWOLF,,,5.0,4
BEGTSE,,,,0
BENDICION,,,2.0,0
BENKEI,,,1.0,1
BENTEN,,,4.0,4
BEOWULF,,,2.0,2
BERGSRA,,,4.0,4
BERSERKER,,,3.0,3
BESTIA,,,2.0,1
BESTIA ACECHANDO,,,3.0,2
BESTIAS FURIOSAS,,,,0
BETTY PARRIS,,,2.0,2
BISHAMON,,,4.0,4
BJORN RAGNARSSON,,,4.0,3
BLEDA,,,,0
BO,,,3.0,0
BOGTROLL,,,4.0,0
BOLEADORAS,,,2.0,0
BOLG,,,3.0,0
BONSAI,,,,0
BOORES,,,3.0,3
BOTIN TEMPLARIO,,,,0
BOUDA,,,2.0,3
BRAGI,,,4.0,2
BRAZO FUERTE,,,1.0,2
BREHUS,,,3.0,4
BROKK,,,2.0,3
BRUCOLACO,,,5.0,5
BRUJA CARABUSSE,,,1.0,0
BRUJA DE LA MONTANA,,,2.0,2
BRUJA LOBO,,,3.0,2
BRUJO CHILOTE,,,3.0,2
BRUJO DE SALAMANCA,,,3.0,3
BRUNHILD,,,,0
BRUNNMIGI,,,5.0,4
BRUNOR,,,4.0,4
BUDA TATHAGATA,,,4.0,4
BUEY,,,,0
BUFALO BLANCO,,,3.0,0
BULTUNGIN,,,3.0,3
BUNYIP,,,4.0,6
BUSHIDO,,,3.0,0
BYLEIST,,,3.0,1
CABALA,,,3.0,0
CABALLERO AGUILA,,,2.0,2
CABALLERO BLANCO,,,1.0,1
CABALLERO HOSPITALARIO,,,2.0,2
CABALLERO NEGRO,,,2.0,2
CABALLERO TEMPLARIO,,,3.0,3
CABALLERO VERDE,,,,0
CABALLO,,,,0
CABALLO DE MAR,,,3.0,3
CABALLO DE TROYA,,,4.0,0
CABALLO DE VIENTO,,,,0
CABALLO MARINO,,,2.0,2
CABALLO PESADILLA,,,4.0,5
CABEZA DE BUEY,,,2.0,3
CABRA,,,,0
CABRACAN,,,3.0,2
CACERIA DEL PEYOLT,,,1.0,0
CACERIA DEL PEYOTL,,,1.0,0
CACHORRO,,,2.0,0
CADENA GLEIPNIR,,,3.0,0
CADOR,,,1.0,2
CAELIA,,,1.0,2
CAI SHEN,,,1.0,2
CAJA DE PANDORA,,,3.0,0
CALABAZA DEL INMORTAL,,,,0
CALENDARIO RUNICO,,,,0
CALEUCHE,,,3.0,0
CALIXTO,,,1.0,1
CALIZ SAGRADO,,,,0
CALMET,,,,0
CAMAHUETO,,,2.0,3
CAMAXTLE,,,2.0,0
CAMPANA DEDAHMMAZEDI,,,,0
CAMPANAS DEL ALBA,,,,0
CAMPEONES DE ORIENTE,,,,0
CAMPESINA,,,2.0,1
CANCERBERO,,,1.0,0
CANCION COYOTE,,,3.0,0
CANDELABRO,,,,0
CANGREJOS,,,3.0,2
CAO CAO,,,2.0,2
CARA DE CABALLO,,,2.0,3
CARCANCHO,,,2.0,2
CARMILLA,,,2.0,3
CARNWENNAN,,,2.0,0
CARO,,,,0
CARRO DE OSEBERG,,,,0
CASANDRA,,,1.0,1
CASTILLO DE SHURI,,,4.0,0
CASTILLO SOMBRIO,,,,0
CATARATAS DEL IGUAZU,,,4.0,0
CATEDRAL,,,,0
CAUPOLICAN,,,3.0,2
CAVERNA DE LOKI,,,4.0,0
CAVERNA DEL DRAGON,,,,0
CAZA DEL CARIBU,,,2.0,0
CAZADORES IMPLACABLES,,,,0
CAZAR BIZONTES,,,3.0,0
CAZAR VAMPIRO,,,4.0,0
CENTAURO,,,1.0,1
CENTZON TOTOCHTIN,,,4.0,3
CERBATANA,,,2.0,0
CERDO,,,,0
CERDO CALAVERA,,,2.0,3
CERNUNNO,,,2.0,3
CH AYIN NA,,,4.0,0
CHA NO YU,,,4.0,0
CHACS,,,,6
CHANGQUAN,,,1.0,0
CHASQUI,,,2.0,4
CHEMAMULL,,,2.0,0
CHEN,,,5.0,0
CHI KUNG,,,3.0,0
CHIANG SHIH,,,3.0,3
CHIEN,,,4.0,0
CHILOTEAN WITCH,,,,0
CHING HIS,,,,0
CHINIVILU,,,2.0,2
CHIYOME MOCHIZUKI,,,3.0,3
CHON-CHON,,,2.0,0
CICLOPE,,,3.0,0
CIENPIES,,,2.0,2
CIHUATE TEOTL,,,3.0,2
CIN TEOTL,,,2.0,3
CINTURON DE THOR,,,2.0,0
CIPACTLI,,,2.0,3
CIPACTONAL Y OXMOCO,,,4.0,3
CIRCULO DE PIEDRA,,,4.0,0
CIUDAD DE LOS CESARES,,,2.0,0
CIUDAD PROHIBIDA,,,3.0,0
CIZIN,,,5.0,0
CLARENT,,,3.0,0
CLAVICEPS PURPUREA,,,,0
COCATRIZ,,,2.0,4
COCHISE,,,4.0,4
CODEX RUNICUS,,,,0
CODICE,,,,0
COLGANTE IMPIO,,,,0
COLINA DEL AHORCADO,,,3.0,0
COLLAR BRISING,,,,0
COLLAR DE MANI,,,,0
COLMILLO SANGRIENTO,,,2.0,2
COLUMNAS DE THULAN,,,1.0,0
COMERCIANTES DEL RIO,,,,0
COMETA,,,2.0,0
CONCILIO DE DIOSES,,,,0
CONDE SHATTEN,,,3.0,2
CONEJO,,,,0
CONEJO ESCRIBA,,,6.0,0
CONQUISTADOR,,,3.0,3
CONSTANTINE III,,,2.0,1
CONTROLAR ENREDADERA,,,2.0,0
CORAZA CHINA,,,3.0,0
CORAZON DE LEON,,,2.0,2
CORONA DUCAL,,,,0
CORONA IMPERIAL,,,,0
CORONA TRIUNFAL,,,,0
COROT,,,2.0,3
CORTADORA,,,3.0,3
COYOTE ROJO,,,4.0,4
CRANEO DE CRISTAL,,,,0
CRANEO DE DRAGON,,,,0
CREMACION,,,2.0,0
CRIATURAS SINIESTRAS,,,,0
CRIPTA,,,,0
CUAUHTEMOC,,,2.0,3
CUCHIVILU,,,2.0,2
CUCHUVILU,,,2.0,2
CUERNO DE ELFO,,,,0
CUERNO DE LA ABUNDANCIA,,,,0
CUERNO ROJO,,,4.0,4
CUERNOS DE ADUMLA,,,2.0,0
CUERO,,,4.0,6
CUEVA DE QUICAVI,,,3.0,0
CULTO CHAMAN,,,,0
CUNAS,,,1.0,1
CURANDERO,,,3.0,1
CUSTODIO,,,3.0,0
CUTLASS,,,3.0,0
DA YU,,,1.0,1
DAGAS DE KRISH,,,2.0,0
DAGAS KRISH,,,2.0,0
DAGON,,,2.0,3
DAGUR,,,3.0,3
DAIKOKU,,,2.0,1
DAIMON,,,3.0,0
DALAI LAMA,,,2.0,3
DAMA DE HIERRO,,,6.0,0
DAMA DEL LAGO,,,4.0,3
DAPHNE Y GREGOR,,,2.0,3
DARK GOLEM,,,,0
DARMER,,,3.0,3
DAWN,,,3.0,1
DEARG DIULAI,,,2.0,0
DEFENSOR IROQUES,,,4.0,4
DEIDADES CELESTIALES,,,,0
DELLINGR,,,4.0,4
DEMONIO,,,,6
DEMONIOS ARANA,,,2.0,0
DESCANSO DEL REY,,,2.0,0
DESCUBRIR AL ZORRO,,,,0
DESOLACION DE KANILU,,,3.0,0
DESTIERRO ASTRAL,,,4.0,0
DHAMPIR,,,3.0,3
DIAMANTE TURQUESA,,,,0
DIAMANTE TURQUEZA,,,,0
DIARIO DEL CAZADOR,,,,0
DIETRICH VON BERN,,,,0
DINAS EMRYS,,,3.0,0
DINASTIA IMPERIAL,,,,0
DINELLA,,,1.0,1
DIOMIRA,,,3.0,0
DISPOSITIVO ESPINOSO,,,7.0,0
DOC HOLLIDAY,,,2.0,3
DOKUENJUTSU,,,3.0,0
DOMINACION,,,3.0,0
DRACO,,,1.0,2
DRACO ENCANTADO,,,2.0,3
DRACULA,,,3.0,3
DRAGON,,,,0
DRAGON BLANCO,,,2.0,3
DRAGON DE MAGMA,,,4.0,4
DRAGON DE RUBI,,,,0
DRAGON DE SOMBRA,,,2.0,3
DRAGON DEMONIO,,,4.0,4
DRAGON ESMERALDA,,,3.0,4
DRAGON MEDIEVAL,,,8.0,6
DRAGON ORIENTAL,,,6.0,6
DRAGON ROJO,,,4.0,4
DRAKKAR,,,,0
DRAUGAR,,,4.0,4
DRAUPNIR,,,4.0,0
DU HAN,,,3.0,3
DUELO DE ESPADAS,,,2.0,0
DUELO DE GANRYU,,,2.0,0
DUELO EN EL MONTE,,,2.0,0
DUELO EN EL TEJADO,,,2.0,0
DUELO SALVAJE,,,,0
DUENDE,,,3.0,2
DUX,,,2.0,2
DVARAKA,,,2.0,0
DYCOM EL RECAUDADOR,,,,0
EBISU,,,2.0,0
ECKESACHS,,,,0
ECLIPSE DE DRAGON,,,3.0,0
EGGERICH,,,,0
EGIL SKALLA-GRIMSSON,,,3.0,4
EINHERYAR,,,4.0,4
EIR,,,3.0,3
EJERCITO ENANO,,,2.0,3
EK CHUAH,,,1.0,1
EKAJATI,,,,0
EKIMMU,,,3.0,3
EL ALICANTO,,,3.0,0
EL BASAJAUN,,,2.0,2
EL DORADO,,,,0
EL RETO,,,1.0,1
EL-LAL,,,4.0,3
ELFOS ARQUEROS,,,2.0,2
ELIXIR DE DRAGON,,,,0
ELIZABETH BATHORY,,,3.0,2
EMBOSCADA,,,3.0,2
EMISARIO BUDISTA,,,3.0,2
EMPERADOR DE JADE,,,3.0,3
ENJAMBRE,,,2.0,2
ENTRENAMIENTO EN PILARES,,,,0
ENTRENAR MULTITUDES,,,2.0,0
EOSTRE,,,2.0,3
ERCHITU,,,,0
ERICHITU,,,,0
ERMANARIC,,,3.0,3
ERMITAO,,,3.0,0
ERRANTE,,,3.0,3
ESCLAVOS DE SANGRE,,,1.0,0
ESCUDO,,,2.0,0
ESCUDO DE CAZADOR,,,,0
ESCUDO DE GUERRA,,,2.0,0
ESCUDO DE VAMPIRO,,,,0
ESCUDO HIPERBOREO,,,2.0,0
ESCUDO REAL,,,3.0,0
ESCUDO Y ESPADA,,,3.0,0
ESFINGE,,,2.0,4
ESHU,,,2.0,1
ESPADA CELESTIAL,,,2.0,0
ESPADA DE CRISTAL,,,,0
ESPADA DE FREY,,,3.0,0
ESPADA DEL CAOS,,,2.0,0
ESPADA ENVENENADA,,,2.0,0
ESPADA REAL,,,,0
ESPADA TEMPLARIA,,,2.0,0
ESPECTRO,,,2.0,3
ESPECTRO DE DRAGON,,,1.0,0
ESPINA SOMNOLIENTE,,,1.0,0
ESPINO BLANCO,,,2.0,4
ESPIRITU CAAN,,,3.0,4
ESPIRITU DE DRAGON,,,6.0,6
ESPIRITUS DE LA NIEBLA,,,2.0,0
ESPOSAS DE LOS FURIBUNDOS,,,2.0,0
ESTATUA DE ORO,,,,0
ESTIGMA,,,2.0,0
ETSA,,,2.0,2
EVOCACION,,,4.0,0
EXCALIBUR,,,3.0,0
EXORCISMO TAOISTA,,,2.0,0
EXORCISTA,,,2.0,1
EXPULSION,,,,0
FAFNER EL AVARO,,,,0
FAFNIR,,,4.0,4
FALSA CAUTIVA,,,,2
FALSO GRIAL,,,,0
FAN KUI,,,5.0,5
FAN LIHUA,,,1.0,2
FASOLT,,,,0
FEILIAN,,,3.0,3
FENG SHUI,,,3.0,0
FENG-HUANG,,,4.0,4
FENGHUANG,,,3.0,3
FENOEISELF,,,2.0,3
FENRIR,,,2.0,4
FENRISULFR,,,5.0,6
FESTIN HUNO,,,,0
FETICHE,,,5.0,0
FIEBRE CANIVAL,,,2.0,0
FIMBULTYR,,,5.0,0
FINAL DEL ARCOIRIS,,,,0
FIONN,,,4.0,4
FLAMBERGE,,,2.0,0
FLAMBERGE SUIZA,,,,0
FLECHAS ARDIENTES,,,2.0,0
FLECHERO,,,1.0,0
FLORES DE SANGRE,,,4.0,0
FORJA DE ENANOS,,,3.0,0
FORMA DE JAGUAR,,,1.0,0
FORMA DE LOBO,,,2.0,0
FORMA DE OSO,,,4.0,0
FORMA RAPAZ,,,2.0,0
FORMA VOLADORA,,,5.0,0
FORSETI,,,2.0,2
FRAGUA,,,1.0,0
FRESNO YGGDRASIL,,,6.0,0
FREY,,,2.0,1
FREYA,,,1.0,2
FRIBERT,,,3.0,3
FRIGG,,,4.0,4
FROLDAK,,,3.0,4
FRUTO SAGRADO,,,,0
FU,,,4.0,6
FU CHUAN-FA,,,3.0,0
FU HI,,,1.0,0
FU HSI,,,5.0,4
FU TAO,,,3.0,0
FU XI,,,3.0,3
FUENTE DE HVERGELMIR,,,,0
FUENTE DE MIMIR,,,4.0,0
FUENTE DE URD,,,3.0,0
FUERZA ABOMINABLE,,,,0
FUJIN,,,2.0,1
FUKURUKUJO,,,3.0,3
FUNERAL VIKINGO,,,3.0,0
FUTAKUCHI-ONNA,,,2.0,2
FUZANGLONG,,,2.0,2
GAHERIS,,,2.0,2
GALDAR,,,4.0,0
GALEHAUT,,,5.0,5
GALLO,,,,0
GALLO CELESTIAL,,,3.0,2
GALVARINO,,,4.0,3
GAMBANTEIN,,,3.0,0
GANDALF,,,3.0,4
GAO JIE BIEN,,,2.0,0
GARETH,,,2.0,3
GARGOLA,,,2.0,1
GARM,,,3.0,2
GE XIANG WENG,,,3.0,0
GEISHA,,,3.0,1
GENESIS TROLL,,,1.0,0
GENTE LUNAR,,,2.0,2
GEON SI,,,2.0,3
GERI Y FREKI,,,2.0,6
GERONIMO,,,3.0,3
GHOUL,,,1.0,1
GIGANTE ANDINO,,,4.0,3
GIGANTES DE FUEGO,,,3.0,5
GIGANTES DE HIELO,,,4.0,4
GILGAMESH,,,2.0,3
GION MATSURI,,,5.0,0
GLASHTYN,,,3.0,3
GNA,,,4.0,4
GNOMO,,,2.0,1
GNOMOS BURLONES,,,1.0,3
GO,,,,0
GOBLINS,,,2.0,3
GOLDAR,,,,0
GOLEM,,,2.0,1
GOLEM SOMBRIO,,,4.0,3
GOLPE VAMPIRO,,,,0
GONGBU,,,1.0,0
GORGONAS,,,2.0,0
GOTHISCANDZA,,,3.0,0
GOU ZAI KAN,,,2.0,0
GOZU TENNO,,,4.0,3
GRAM,,,3.0,0
GRAN COYOTE,,,3.0,3
GRAN MURALLA,,,,0
GRIFO,,,,3
GRIMORIO SACRO,,,,0
GROOTSLANG,,,2.0,1
GRULLA,,,2.0,1
GUADAA,,,2.0,0
GUAJIRO,,,2.0,2
GUAN DAO,,,2.0,0
GUAN TI,,,5.0,5
GUAN YU,,,3.0,2
GUANTELETE,,,2.0,0
GUANTES DE HIERRO,,,3.0,0
GUANYIN,,,3.0,3
GUARDIA CEREMONIAL,,,4.0,4
GUARDIA DEL ESCUDO,,,1.0,3
GUARDIAN,,,,0
GUARDIAN DEL SOL,,,2.0,3
GUERRERO ABENAKI,,,2.0,3
GUERRERO AGUILA,,,4.0,2
GUERRERO JAGUAR,,,3.0,1
GUERREROS INDOMABLES,,,,0
GUEVADAN,,,4.0,3
GUI,,,3.0,2
GUI XIAN,,,3.0,0
GUILLERMO TELL,,,2.0,0
GUIRIVILO,,,3.0,2
GYALLARHORN,,,,0
HACHA DANESA,,,2.0,0
HACHA DE ENOCH,,,2.0,0
HACHIMAN,,,4.0,3
HADA VIVIANA,,,3.0,2
HADAS,,,1.0,1
HADAS GUERRERAS,,,3.0,2
HADES,,,2.0,0
HAIIT,,,1.0,0
HAIN,,,2.0,0
HAIWATHA,,,2.0,0
HALATAFL,,,,0
HALFDAN RAGNARSSON,,,3.0,2
HAMSA,,,,0
HAN XIANG ZI,,,2.0,2
HAN ZHONGLI,,,3.0,2
HANGAKU GOZEN,,,2.0,3
HARALD HALFDANSSON,,,5.0,5
HARIASA,,,,0
HATTORI HANZO,,,2.0,2
HAUGTROLD,,,2.0,2
HE XIAN GU,,,4.0,4
HECHICERA,,,3.0,2
HEFESTO,,,3.0,0
HEIMDAL,,,3.0,2
HEL,,,4.0,4
HELHEIM,,,3.0,0
HENG-O,,,3.0,4
HERCULES,,,5.0,0
HERFYOTURR,,,2.0,0
HERMES,,,3.0,2
HERMOD,,,5.0,5
HIDRA DE LA NIEBLA,,,4.0,4
HIDROMIEL,,,2.0,0
HIEDRA ESPINO,,,3.0,1
HILDEBRAND,,,,0
HODERI,,,2.0,2
HODUR,,,4.0,0
HOFUD,,,2.0,0
HOLMGANG,,,3.0,0
HOMBRE DE NEGRO,,,4.0,4
HOMBRE DE PIEDRA,,,3.0,3
HOMBRE DE POCA FE,,,3.0,0
HOMBRE LOBO,,,3.0,1
HOMBRE PAJARO,,,3.0,1
HOMBRES DE MADERA,,,,0
HONDA,,,2.0,0
HONENGYO,,,1.0,1
HOORI,,,3.0,2
HORDA BARBARA,,,,0
HOROSCOPO CHINO,,,,0
HORUS,,,3.0,0
HOTEI,,,3.0,2
HOU CHUAN FA,,,1.0,0
HOUZI TIAOWU,,,3.0,0
HRAESVELG,,,3.0,3
HRIST,,,2.0,2
HUA MU LAN,,,3.0,3
HUANG DI,,,1.0,1
HUANG FEI HU,,,2.0,2
HUANG ZHONG,,,2.0,3
HUANGLONG,,,3.0,3
HUARAKA,,,3.0,0
HUASCAR,,,2.0,2
HUASCAR Y ATAHUALPA,,,1.0,0
HUBAHPU Y XBALANQUE,,,2.0,1
HUEHUE TEOTL,,,3.0,2
HUEHUETEOTL,,,3.0,3
HUGIN Y MUNIN,,,4.0,4
HUITZIL,,,3.0,2
HUITZILOPOCHTLI,,,1.0,0
HUMBABA,,,2.0,3
HURACAN,,,,3
HUTZILOPOCHTLI,,,,0
HUXIAN,,,2.0,3
HWANDUDAEDO,,,2.0,0
HWARANG,,,1.0,1
HYDRA,,,2.0,2
HYMIR,,,8.0,10
HYRRONKKIN,,,2.0,3
I CHING,,,1.0,0
IAIDO,,,3.0,0
ICARO,,,,0
ICTIOCENTAURO,,,3.0,2
IDUNN,,,3.0,1
IGOR,,,3.0,2
IHA NAGA,,,3.0,3
IKTOMI,,,3.0,3
ILUMINAR,,,2.0,0
INARI,,,3.0,3
INCA YUPANQUI,,,1.0,1
INCUBO,,,2.0,0
INDRA,,,2.0,0
INDRA PARJANYA,,,2.0,2
INICIACION GUERRERA,,,2.0,0
INKANYAMBA,,,3.0,3
INQUISIDOR ASESINO,,,2.0,2
INSIGNIA DE TOKI,,,,0
INSIGNIA DE TOQUI,,,,0
INTI,,,3.0,3
INVUNCHE,,,2.0,0
ION VADUVA,,,4.0,5
IRA DEL NAHUAL,,,4.0,0
ISIS,,,1.0,1
ISSLER,,,3.0,1
ISTHAR,,,3.0,4
ISUN BOSHI,,,2.0,1
ITAZZY,,,2.0,0
ITZAM NA,,,3.0,2
ITZCOATL,,,3.0,3
IVAR RAGNARSSON,,,3.0,2
IX CHEBEL YAX,,,2.0,0
IX CHEL,,,3.0,0
IX TABAI,,,2.0,0
IXPUXTEQUI,,,3.0,3
IZANAGI,,,2.0,2
IZANAMI,,,3.0,4
IZANAMI E IZANAGI,,,3.0,0
JABALINA DE LA JAURIA,,,2.0,0
JACQUES ST. GERMAIN,,,,0
JACQUEST ST. GERMAIN,,,3.0,3
JANAQUEO,,,3.0,3
JARDIN DE LAS ROSAS,,,,0
JAURIA,,,4.0,3
JI,,,3.0,0
JIAOLONG,,,2.0,3
JIMMU TENNO,,,1.0,1
JIN JI DU LI,,,2.0,0
JINAS,,,3.0,0
JINETE DE DRAGON,,,5.0,5
JINGWEI,,,,0
JOHNY RINGO,,,2.0,3
JOON,,,3.0,2
JORMUNREK,,,,0
JOROGUMO,,,2.0,2
JOWANGSIN,,,3.0,3
JOYA DE BALDUNG,,,,0
JOYAS DE LA CORONA,,,,0
JUBOKKU,,,3.0,0
JUDY,,,1.0,2
JUEGO ETERNO,,,2.0,0
JUICIOS DE SALEM,,,3.0,0
JUJITSU,,,2.0,0
JURAMENTO,,,,0
JURAMENTO DE LOS HEROES,,,3.0,0
JURE GRANDO,,,2.0,3
JUROJIN,,,3.0,2
JUSTA,,,3.0,0
JUSTOS POR PECADORES,,,2.0,0
K AK NA,,,4.0,0
KABUTO,,,3.0,0
KAGE ARUKI JUTSU,,,3.0,0
KAGE BUN SHIN NO JUTSU,,,2.0,0
KAGE GAKURE JUTSU,,,4.0,0
KAGUTSUCHI,,,2.0,4
KAIN,,,4.0,4
KAK NA,,,4.0,0
KAK'NA,,,,0
KAKNA,,,4.0,0
KALI,,,3.0,1
KALKU,,,6.0,3
KAMA DE OKINAWA,,,2.0,0
KAMAITACHI,,,3.0,3
KAMASAMA NO JUTSU,,,4.0,0
KAN,,,4.0,0
KANILLU,,,5.0,3
KAPPA,,,2.0,2
KARIB,,,3.0,3
KARL,,,3.0,2
KARVE,,,,0
KASEWATS,,,3.0,2
KASIM,,,2.0,1
KATANA,,,3.0,0
KAWARIMI,,,3.0,0
KAYAKUJUTSU,,,3.0,0
KEL-ESSUF,,,4.0,2
KELPIE,,,1.0,0
KEMSA,,,1.0,1
KEN,,,3.0,0
KEN NAGE,,,6.0,0
KENDO,,,2.0,0
KENOS,,,1.0,1
KHAN,,,2.0,1
KHNUM,,,3.0,3
KIBIDANGO,,,3.0,0
KIKU,,,,0
KILIN,,,2.0,1
KILLA,,,4.0,4
KITSUNE,,,3.0,4
KITSUNE-TSUKI,,,5.0,0
KIYOHIME,,,2.0,2
KNARR,,,,0
KNOCHEN,,,5.0,5
KOJIN,,,3.0,3
KONAKI JIJI,,,1.0,2
KONG KONG,,,2.0,1
KONJIN,,,2.0,2
KONPIRA GONGEN,,,3.0,3
KORDRAG,,,4.0,4
KORNOS,,,3.0,1
KRAKEN,,,5.0,4
KRANA,,,3.0,2
KRIEMHILD,,,,0
KRIS DE PLATA,,,2.0,0
KRISHNA,,,2.0,3
KUEI XING,,,3.0,3
KUEI-SHEN,,,4.0,4
KUKUDH,,,4.0,4
KUKULCAN,,,2.0,2
KUN,,,3.0,0
KUNAI,,,2.0,0
KUNOICHI,,,3.0,3
KUSARI GAMA,,,2.0,0
KUYEN,,,2.0,3
KVASIR,,,1.0,2
KWANYIP,,,3.0,2
KYUDO,,,2.0,0
KYUSHO,,,3.0,0
LA COFRADIA,,,5.0,5
LA IRA DEL NAHUAL,,,3.0,3
LA QUIMERA,,,1.0,1
LA SAGA DE VOLSUNG,,,,0
LADY RACHEL,,,3.0,2
LAGERTHA,,,1.0,2
LAMORAK,,,4.0,3
LAMPARA MAGICA,,,,0
LAN CAI HE,,,2.0,1
LANCELOT,,,2.0,2
LANGSKIB,,,,0
LANZA ASTRAL,,,1.0,0
LANZA DE ODIN,,,3.0,0
LANZA KROKSPJOT,,,3.0,0
LANZA WAYKI,,,2.0,0
LAO TSE,,,2.0,0
LAOHU QUANFUZHE,,,4.0,0
LAOSHU WA,,,2.0,0
LAQUE,,,2.0,0
LAS LILIM,,,3.0,3
LAS MUSAS,,,2.0,2
LAUTARO,,,3.0,3
LECHUZA LUNAR,,,2.0,2
LEI KUNG,,,4.0,0
LEIF ERICKSON,,,3.0,3
LENGUAJE AVIAR,,,,0
LESTHER,,,,2
LEYENDAS PRIMERA ERA,,,,0
LI,,,4.0,0
LI SHUWEN,,,2.0,3
LI SOU,,,2.0,1
LI TI HUAI,,,2.0,2
LI TIE GUAI,,,2.0,2
LI TIEN,,,2.0,1
LICANTROPIA,,,4.0,0
LICANTROPO,,,3.0,2
LICANTROPOS SALVAJES,,,1.0,2
LIDER DE LA JAURIA,,,3.0,0
LILITH,,,2.0,2
LIN KUEI,,,3.0,2
LINDWURM,,,,0
LINNA,,,1.0,2
LIRIA SELYANOV,,,4.0,3
LIU BEI,,,4.0,4
LLAMADA FEERICA,,,1.0,0
LLAMADO DE LA JAURIA,,,2.0,0
LOCURA DE FAFNER,,,,0
LODURR,,,3.0,3
LOKE,,,2.0,2
LOKI,,,1.0,0
LONG NIAN,,,2.0,0
LONGMA,,,4.0,4
LONGMU,,,4.0,3
LORD RUTHVEN,,,3.0,3
LOS CINCO ANILLOS,,,,0
LOS EDDAS,,,5.0,0
LOS TITANES,,,8.0,5
LOTHAR,,,3.0,0
LOUP-GAROU,,,5.0,5
LU DONG PIN,,,3.0,2
LU JUNYI,,,3.0,3
LUCHA DE GOLEMS,,,1.0,0
LUCY,,,2.0,1
LUGAT,,,3.0,3
LUJIAODAO,,,2.0,0
LUNA LLENA,,,3.0,0
LUNG,,,4.0,4
LUNG CHUAN-FA,,,3.0,0
LUPO,,,2.0,1
LYCAON,,,2.0,2
LYNGBAKUR,,,4.0,3
LYTIR,,,3.0,3
MA CHAO,,,4.0,1
MA NIAN,,,3.0,0
MA YUAN,,,4.0,3
MABU,,,4.0,0
MACAHUITL,,,2.0,0
MACHI,,,3.0,1
MACHITUN,,,2.0,0
MACHU PICHU,,,,0
MACUN,,,2.0,0
MADRE DE DRAGONES,,,3.0,0
MADRE SUPERIORA,,,3.0,3
MADRE WYRM,,,,0
MAELSTROM,,,4.0,0
MAESTRIA WUDANG,,,1.0,0
MAGNI,,,3.0,2
MAGNUS,,,1.0,1
MAGO MERLIN,,,4.0,3
MAKIMONO,,,3.0,0
MALEDISANT,,,2.0,3
MAMA OCLLO,,,3.0,3
MANADA MORTIFERA,,,,0
MANCO CAPAC,,,4.0,3
MANDOBLE PURIFICADOR,,,4.0,0
MANI,,,2.0,2
MANO FEERICA,,,2.0,0
MANUK,,,2.0,4
MARA,,,1.0,1
MARCA DE DRAGON,,,4.0,0
MARCA DEL TIGRE,,,2.0,0
MARCAS DE GUERRA,,,2.0,0
MARDUK,,,4.0,4
MARTILLO AMULETO,,,,0
MARTILLO DE THOR,,,3.0,0
MARTILLO SHAOLIN,,,1.0,0
MARTILLO Y ESTACAS,,,1.0,0
MARY BRADBURY,,,2.0,2
MASCARA DE JADE,,,3.0,0
MASCARA DE ORO,,,3.0,0
MASCARA DE TIAMATH,,,,0
MASCARA DEL SOL,,,3.0,0
MATADOR DE DRAGONES,,,2.0,0
MATADOR DE GIGANTES,,,5.0,0
MAUGRIS,,,2.0,3
MAUI,,,,4
MAZA,,,2.0,0
MAZU,,,2.0,2
MECENAS,,,1.0,0
MEDUSA,,,4.0,1
MEILI,,,4.0,3
MELIMOYU,,,2.0,0
MELUSINA,,,2.0,2
MEN SHEN,,,4.0,2
MENG PO,,,3.0,3
MERCY BROWN,,,2.0,3
MERLIN,,,4.0,0
MESALINA,,,3.0,3
MESALINE,,,,0
METAMORFOSIS DE LOKI,,,4.0,0
METZLI,,,2.0,3
MEXI,,,2.0,2
MHACHKAY,,,4.0,5
MICHIMALONCO,,,3.0,3
MIDGARD,,,3.0,0
MILLALOBO,,,3.0,3
MIMI,,,2.0,1
MIMIR,,,1.0,1
MINAS DEL REY SALOMON,,,,0
MINOTAURO,,,2.0,2
MIRADA BERSERKER,,,3.0,0
MIROKU,,,2.0,2
MITHRA,,,,3
MIYAMOTO MUSASHI,,,3.0,3
MOCTEZUMA,,,,2
MODI,,,2.0,1
MODRA,,,2.0,3
MODRANICHT,,,1.0,0
MOIRAS,,,4.0,3
MOMOTARO,,,2.0,1
MONEDAS DE ORO,,,,0
MONEDAS IMPERIALES,,,,0
MONEDAS ROMANAS,,,,0
MONJE DE KRI-LING,,,4.0,4
MONO,,,,0
MONO DE HIERRO,,,3.0,0
MONSTRUO DEL LAGO,,,3.0,4
MONTE DEL BUITRE,,,3.0,0
MONTE KUN LUN,,,3.0,0
MONTE WUDANG,,,4.0,0
MONTURA DE DRAGON,,,2.0,0
MORDIDA,,,1.0,0
MORDIDA ABISMAL,,,1.0,2
MORGANA,,,3.0,3
MORGAUSE,,,3.0,4
MORIR EN BATALLA,,,1.0,0
MOROI,,,2.0,2
MORTUS,,,3.0,1
MOSQUETE PURITANO,,,1.0,0
MU GUIYING,,,1.0,2
MU SHE,,,2.0,0
MULLO,,,,0
MUMA,,,,0
MUNDO GOTICO,,,2.0,2
MUNECO FETICHE,,,,0
MUSPELLSHEIM,,,4.0,0
MUUT,,,3.0,3
NACHZEHRER,,,3.0,3
NACIONAL PRIMERA ERA 2025,,,,0
NAGLFAR,,,4.0,0
NAN DAO,,,3.0,0
NANAHUATZIN,,,1.0,4
NANIGATA,,,2.0,0
NANNA,,,1.0,1
NARCISO,,,2.0,3
NARIGUERA,,,,0
NATASHA,,,1.0,1
NAZCA,,,,0
NEMURI KYOSHIRO,,,3.0,2
NERTHUS,,,1.0,1
NEURI,,,3.0,3
NEZHA,,,3.0,3
NG MUI,,,3.0,2
NGUENCUYEN,,,2.0,3
NIAMH,,,2.0,1
NIBELUNGOS,,,5.0,5
NIDAVELLIR,,,4.0,0
NIDHOGG,,,4.0,4
NIDO DE DRAGON,,,,0
NIDOS DE PESADILLA,,,2.0,0
NIEBLAS PROFUNDAS,,,3.0,0
NIFLHEIM,,,3.0,0
NINFAS,,,1.0,1
NINIGI NO MIKOTO,,,3.0,2
NINYO,,,3.0,4
NIO,,,4.0,4
NIORUN,,,2.0,2
NITEN ICHI RYU,,,5.0,0
NIU KANZHE CAODI,,,2.0,0
NIU MOWANG,,,3.0,3
NIU WA,,,,3
NOBUNAGA,,,4.0,2
NODACHI,,,3.0,0
NOMI NO SUKUNE,,,1.0,1
NOSFERATU,,,3.0,1
NOTT,,,3.0,3
NUBE ROJA,,,2.0,2
NUGUA,,,3.0,0
NUKE NAPU,,,3.0,0
NUKEWAZA,,,5.0,0
NUNCHAKU,,,2.0,0
NURIKABE,,,1.0,2
NYORD,,,5.0,3
OANNES,,,2.0,2
OBERON,,,4.0,4
OCELOTE DEL TEMPLO,,,,0
ODIN,,,1.0,0
ODISEO,,,2.0,1
OFUSCACION,,,3.0,0
OGIER EL DANES,,,2.0,2
OGRO,,,3.0,3
OHO YAMA,,,2.0,2
OJO DEL PADRE,,,,0
OKINAWA TE,,,3.0,0
OKUNI NUSHI,,,3.0,1
OMOIKANE,,,3.0,2
ONAMOCHI,,,2.0,2
ONI,,,2.0,3
ORACULO,,,,0
ORACULO DE DELFOS,,,,0
ORACULO ZINGARO,,,1.0,0
OREJONA,,,4.0,0
ORIGAMI,,,,0
ORO DE LOS CESARES,,,,0
ORO DEL RIN,,,,0
ORO INICIAL,,,,0
OSIRIS,,,5.0,3
OVOO,,,,0
PA KUA TAI CHI,,,5.0,0
PA YU FENG,,,1.0,1
PACHAMAMA,,,2.0,0
PACTO,,,2.0,0
PAGODA DAQIN,,,4.0,0
PAHUAHTUN,,,,2
PAJARO DE TRUENO,,,1.0,1
PAJARO INTI,,,1.0,1
PAJARO TRUENO,,,2.0,2
PAK HOK CHA,,,3.0,0
PALA DE MONJE,,,3.0,0
PALMA DE HIERRO,,,2.0,0
PAMOLA,,,2.0,2
PAN-GU,,,3.0,0
PANKU,,,4.0,3
PANTERA MISHIPESHU,,,3.0,4
PAO CHUAN FA,,,3.0,0
PASTOR,,,3.0,2
PEACEMAKER,,,1.0,0
PEGASO,,,1.0,1
PERI PILLAN,,,2.0,1
PERLA DE DRAGON,,,2.0,0
PERRO,,,,0
PERSEO,,,3.0,2
PERSIVAL,,,1.0,2
PERUN,,,2.0,3
PETER STUMPP,,,3.0,3
PIASA,,,2.0,4
PIEDRA DE ROK,,,,0
PIEDRAS RUNICAS,,,,0
PIEL DE LOBO,,,,0
PIHUCHEN,,,3.0,3
PILLALLAU,,,6.0,6
PINCOYA,,,2.0,0
PINTURA NASKAPI,,,,0
PIPA CEREMONIAL,,,,0
PIROMANIA,,,3.0,0
PIXIES,,,3.0,0
PODER DEL RELAMPAGO,,,1.0,0
PORTAL CELESTIAL,,,2.0,0
POSEIDON,,,2.0,0
POSESION MAYOR,,,2.0,0
POZO DE MUERTE,,,4.0,0
POZO DEL JURAMENTO,,,4.0,0
PRESENCIA MALIGNA,,,4.0,0
PRICOLICI,,,4.0,4
PRIDWEN,,,2.0,0
PRIMERAS FESTIVIDADES,,,,0
PRIMERAS FESTIVIDADES 2025,,,2.0,3
PRINCIPE LAIBON,,,4.0,5
PROMETEO,,,2.0,1
PRUEBA DE FUEGO,,,2.0,0
PUCHAO,,,,0
PUENTE BIFROST,,,,0
PUERTA DEL SOL,,,2.0,0
PUERTA DEL SOL TIAHUANACU,,,,0
PUERTA DEL VALHALLA,,,3.0,0
PULGASARI,,,3.0,3
PUNTO LETAL,,,,0
PURIFICAR SOMBRAS,,,2.0,0
PURITANO,,,3.0,2
QIANG,,,4.0,0
QIANLIMA,,,2.0,3
QIN SHI HUANG,,,5.0,5
QINGLONG CHUSHUI,,,4.0,0
QUEMAR AL MONSTRUO,,,4.0,0
QUEMAR LAS ESTEPAS,,,,0
QUETZAL,,,,0
QUETZALCOATL,,,6.0,5
QUETZALCOATL RETORNA,,,3.0,2
QUIMERA DEL RAYO,,,2.0,3
RAFACENY,,,3.0,0
RAGNAR LODBROG,,,4.0,3
RAGNAROK,,,4.0,4
RAIDEN,,,4.0,0
RAIJIN,,,3.0,3
RAIKO,,,1.0,1
RAN,,,2.0,2
RAPPAGAN-MEKABK,,,5.0,0
RAPTO DE IDUNN,,,3.0,0
RASPUTIN,,,2.0,1
RASTREADOR,,,2.0,2
RASTREAR,,,3.0,0
RATA,,,,0
RATATOSK,,,3.0,3
RAYO DE INDRA,,,1.0,0
RAZA NOCTURNA,,,,0
REDUCCION DE CABEZA,,,4.0,0
REGRESAR LA ESPADA,,,1.0,0
REINA GUINIVERE,,,3.0,3
RELIQUIA DEL LEON,,,,0
RENAUD,,,2.0,3
REPULSION,,,2.0,0
RESPLANDOR DORADO,,,,0
REVOLUCION DE LOS OBJETOS,,,6.0,0
REY ARTURO,,,4.0,4
REY ARTURO PENDRAGON,,,5.0,5
REY DE LOS OSOS,,,4.0,4
REY LAURIN,,,,0
REY MIDAS,,,3.0,3
REY MONO,,,5.0,3
RHEDA,,,3.0,3
RIMKALK,,,,0
RITO DEL DORADO,,,,0
RO-LANGS,,,,0
ROBAR EL FUEGO,,,1.0,0
ROBIN HOOD,,,4.0,3
ROGIVALD RAGNARSSON,,,2.0,4
ROLDAN,,,3.0,5
ROLLO,,,3.0,3
ROSA DE LOS VIENTOS,,,,0
ROSA DE MUERTE,,,,0
ROSAL SILVESTRE,,,,0
ROY,,,3.0,2
RUEDA DEL ANO,,,,0
RUGARU,,,3.0,3
RUGDRAIGE,,,2.0,2
RUGNIR,,,2.0,4
RUKURU KUBI,,,1.0,2
RUMIAHUI,,,1.0,1
RUNA URUTRUNGU,,,4.0,2
RUNAS,,,4.0,0
RUSALKA,,,2.0,2
RUYI JINGU BANG,,,2.0,0
RYUJIN,,,4.0,5
RYURIK,,,4.0,3
SACAR LA ESPADA,,,2.0,0
SACRIFICIO DE ODIN,,,3.0,0
SACRIFICIO GLADIATORIO,,,2.0,0
SACRIFICIO HUMANO,,,5.0,0
SAI,,,2.0,0
SAIMIN NO JUTSU,,,3.0,0
SAKE,,,,0
SAKU ARAI,,,3.0,0
SAKURA,,,,0
SALAMANDRA,,,2.0,2
SALEM,,,2.0,0
SALOME,,,3.0,3
SAMUEL PARRIS,,,3.0,3
SAN JORDI,,,3.0,3
SAN XING,,,1.0,1
SANGRE DE DRAGON,,,3.0,0
SANTUARIO DE KASHIMA,,,5.0,0
SAQUEADOR LUNAR,,,3.0,3
SARAH GOOD,,,3.0,3
SARCOFAGO PROFANO,,,,0
SARUTAHIKO,,,3.0,2
SASAKI KOJIRO,,,4.0,4
SASNALKAHI,,,5.0,5
SASQUATCH,,,2.0,4
SATIRO,,,2.0,2
SCARLET,,,4.0,2
SEDNA,,,3.0,2
SEIDR,,,1.0,0
SELENA,,,3.0,3
SELLO IMPERIAL DE JADE,,,,0
SENGEN,,,4.0,4
SEOR DE SIPAN,,,,0
SEPUKKU,,,3.0,0
SER ABOMINABLE,,,3.0,0
SERMILIK,,,3.0,4
SERPIENTE,,,,0
SERPIENTE BLANCA,,,2.0,1
SERPIENTE EMPLUMADA,,,1.0,1
SETH,,,1.0,0
SHA HESHANG,,,2.0,2
SHA WUJING,,,2.0,3
SHACHIHOKO,,,2.0,1
SHANGO,,,3.0,3
SHE CHUAN FA,,,3.0,0
SHE NIAN,,,3.0,0
SHEN YI,,,1.0,1
SHENLONG,,,3.0,3
SHENSHU Y YULU,,,2.0,2
SHEQUAN,,,3.0,0
SHINIGAMI,,,3.0,3
SHINOBI,,,1.0,0
SHIRO AMAKUSA,,,2.0,2
SHIVA,,,2.0,1
SHOJO,,,3.0,3
SHUAI JIAO,,,3.0,0
SHUAR,,,2.0,2
SHUE YUEN,,,3.0,1
SHUKO,,,,0
SHURIKEN,,,2.0,0
SIEGFRIED,,,,0
SIF,,,2.0,2
SIGENOT,,,,0
SIGMUND,,,3.0,3
SIGNY,,,2.0,2
SIGURD,,,3.0,3
SIGURD RAGNARSSON,,,4.0,4
SIGURD RING,,,2.0,2
SILENCIO,,,4.0,3
SILVER,,,1.0,3
SINCHI ROCA,,,3.0,3
SIR GALAHAD,,,2.0,2
SIR GAWAIN,,,3.0,3
SIR TRISTAN,,,3.0,3
SIRENAS,,,3.0,1
SISIUTIL,,,2.0,2
SJOTROLLET,,,4.0,3
SKADI,,,3.0,3
SKEGGOX,,,2.0,0
SKELJUNGUR,,,4.0,6
SKINWALKER,,,2.0,2
SKO'YO,,,4.0,4
SKOFNUNG,,,2.0,0
SLEIPNIR,,,1.0,3
SLUAGH,,,2.0,3
SNALLYGASTER,,,3.0,2
SNOTRA,,,3.0,3
SOL,,,3.0,4
SOLARSTEINN,,,,0
SOLOMON,,,3.0,2
SOMBRA DEL LOA,,,2.0,0
SOMBRA HAMBRIENTA,,,2.0,0
SONG JIANG,,,2.0,4
SORCERER,,,,0
SORTIJA,,,,0
SOTZ' NA,,,,0
SOTZ'NA,,,2.0,0
SOTZ´NA,,,,0
STRIBOG,,,5.0,0
STRIX,,,2.0,3
SUBIR EL VOLCAN,,,1.0,0
SUIJIN,,,1.0,2
SUKU NA BIKO,,,2.0,1
SUN,,,4.0,0
SUN WU KUNG,,,4.0,1
SUN WUKONG,,,3.0,3
SUPLICIO DE LOKI,,,3.0,0
SURT,,,2.0,2
SUSANO WA,,,6.0,6
TACAN,,,1.0,1
TAGARO Y SUQUE,,,3.0,1
TAKEMIKAZUCHI,,,3.0,4
TAKEMINAKATA,,,4.0,4
TALOS,,,3.0,2
TAMBOR DAIKO,,,,0
TAMMO,,,3.0,4
TANG LANG CHUAN-FA,,,2.0,0
TANG SANZANG,,,3.0,3
TANGRI,,,,0
TANUKI,,,4.0,4
TARANIS,,,3.0,4
TARHUNNA,,,3.0,2
TAROT,,,4.0,0
TCHE MA TIEN,,,5.0,0
TCHI YEU,,,2.0,5
TEATRO KABUKI,,,,0
TEATRO NOH NO,,,,0
TECNICA DE LA MEDIA LUNA,,,4.0,0
TECNICA DE UN DEDO,,,4.0,0
TECPATL,,,4.0,0
TEEPEE,,,,0
TEMPESTAS,,,4.0,2
TEMPLO DE JINSHAN,,,,0
TEMPLO DE LA ARMONIA,,,,0
TEMPLO DE TENOCHTITLAN,,,4.0,0
TEMPLO DE UPPSALA,,,3.0,0
TEMPLO DEL TRUENO,,,3.0,0
TEMPLO SHAOLIN,,,,0
TENGU,,,1.0,2
TENJIN,,,3.0,3
TENOCHTITLAN,,,,0
TENTENVILU-COICOIVILU,,,6.0,6
TEOTIHUACAN,,,3.0,0
TEPOZTOPILLI,,,2.0,0
TERENCE EL ESCUDERO,,,,0
TESORO DE GUAYACAN,,,,0
TESORO DE TROLL,,,,0
TESORO DEL DRAGON,,,,0
TESORO DEL REY,,,,0
TETSU-BISHI,,,2.0,0
TEZCALTLIPOCA,,,3.0,1
THOR,,,6.0,6
TIAMATH,,,3.0,4
TIANMA,,,3.0,4
TIEN MU,,,2.0,3
TIGRE,,,,0
TITAN LICANTROPO,,,10.0,12
TITANIA,,,3.0,3
TITUBA,,,2.0,2
TLACA TECOLOTL,,,6.0,3
TLAHUITOLLI,,,2.0,0
TLALOC,,,2.0,2
TLALOQUES,,,3.0,1
TLAZOLTEOTL,,,4.0,4
TOKI,,,1.0,0
TOKI BUTAHUE,,,3.0,3
TOMAHAWK,,,2.0,0
TOMBSTONE,,,2.0,0
TOMOE GOZEN,,,3.0,5
TONATIUH,,,1.0,0
TORC ARDIENTE,,,,0
TORMENTA DE SANGRE,,,2.0,0
TORNADO DE ROSAS,,,,0
TORRE DE CRISTAL,,,3.0,0
TORRE DE LA PERDICION,,,3.0,0
TORRE DEL LEON,,,2.0,0
TORRE DEL OLVIDO,,,2.0,0
TORRE OSCURA,,,,0
TORREON NEGRO,,,,0
TOTEM BIENAVENTURADO,,,2.0,0
TOTEM DE AVE,,,3.0,0
TOTEM DE BEHIR,,,4.0,0
TOTEM DE COCODRILO,,,4.0,0
TOTEM DE CONEJO,,,1.0,0
TOTEM DE FUEGO,,,3.0,0
TOTEM DE GUANACO,,,2.0,0
TOTEM DE GUERRA,,,,0
TOTEM DE HIERRO,,,3.0,0
TOTEM DE JAGUAR,,,2.0,0
TOTEM DE LA DESESPERANZA,,,1.0,0
TOTEM DE LA FECUNDIDAD,,,2.0,0
TOTEM DE LA ILUMINACION,,,4.0,0
TOTEM DE MAGMA,,,2.0,0
TOTEM DE PENUMBRA,,,2.0,0
TOTEM DE PERRO,,,1.0,0
TOTEM DE SALAMANDRAS,,,4.0,0
TOTEM DE SANGRE,,,3.0,0
TOTEM DE SERPIENTE,,,3.0,0
TOTEM DE UKTENA,,,3.0,0
TOTEM DE VITALIDAD,,,2.0,0
TOTEM DEL AGUILA,,,2.0,0
TOTEM DEL BOSQUE,,,2.0,0
TOTEM DEL CONDOR,,,6.0,0
TOTEM DEL COYOTE,,,2.0,0
TOTEM DEL GENESIS,,,4.0,0
TOTEM DEL MONO,,,3.0,0
TOTEM DEL OLVIDO,,,3.0,0
TOTEM DEL PAJARO DE TRUENO,,,3.0,0
TOTEM DEL PUMA,,,3.0,0
TOTEM DEL VACIO,,,3.0,0
TOTEM DEL VIENTO,,,3.0,0
TOTEM LUNAR,,,2.0,0
TOTEM MAGNETICO,,,2.0,0
TOTEM RUNICO,,,3.0,0
TOTEM ULTIMO,,,2.0,0
TRADICION VIVA,,,5.0,0
TRAGEDIA,,,,0
TRAICIONAR,,,3.0,0
TRAMPA TANUKI,,,3.0,0
TRAPELACUCHA,,,,0
TRARILONCO,,,,0
TRAUKO,,,1.0,2
TRIBUNAL,,,3.0,2
TRIBUTO A LOS ALCIS,,,1.0,0
TRITON,,,2.0,2
TRIVALDI,,,3.0,2
TROFEO DE GUERRA,,,1.0,0
TROLL,,,3.0,2
TRONO DE ODIN,,,,0
TRUENOS,,,2.0,0
TRUTRUCA,,,,0
TSACHILA,,,3.0,2
TSAO GUOJIU,,,3.0,3
TSUKI YUMI,,,2.0,1
TSUKUYOMI,,,2.0,3
TUE TUE,,,2.0,2
TUI,,,3.0,0
TUMBA DEL CABALLERO,,,2.0,0
TUOLONG,,,4.0,4
TUYANGO,,,2.0,4
TYR,,,5.0,5
TYRA,,,1.0,2
TZITZIMIME,,,2.0,2
TZOLKIN,,,,0
UBBE RAGNARSSON,,,2.0,2
UGAJIN,,,3.0,2
ULLR,,,1.0,3
UMOARA,,,4.0,4
UNICORNIO,,,1.0,1
UXMAL,,,2.0,0
UZUME,,,1.0,1
VAIROCANA,,,,0
VAKSALA,,,3.0,0
VALI,,,2.0,2
VAMPIRO,,,2.0,4
VAMPIRO DEL DESIERTO,,,2.0,3
VAMPIRO ORIENTAL,,,1.0,0
VAMPIROS AMENAZANTES,,,,0
VAN HELSING,,,2.0,2
VANAHEIM,,,3.0,0
VAVTRUDNIR,,,2.0,3
VELAS DEMONIACAS,,,,0
VENCER SIN LUCHAR,,,3.0,0
VENGANZA,,,,0
VIAJE AL OESTE,,,2.0,0
VIDAR,,,3.0,1
VIENTO DE FUEGO,,,1.0,0
VIENTOS DEL RAGNAROK,,,2.0,0
VIGILIA DE ARMAS,,,2.0,0
VIKINGO,,,3.0,3
VINLAND,,,3.0,0
VIRACOCHA,,,2.0,3
VIRNA,,,2.0,2
VISHNU,,,3.0,0
VLAD TEPES,,,2.0,0
VOLA,,,1.0,2
VOLADORES SECRETOS,,,2.0,0
VOLSUNG,,,2.0,2
VOLVA,,,2.0,3
VON KRIEG,,,2.0,2
VOR,,,2.0,3
VORDR,,,3.0,4
VROGNOK,,,2.0,3
WAKAN TANKA,,,5.0,5
WALDGANGER,,,3.0,0
WALKIRIAS,,,,0
WANG MU NIANG NIANG,,,4.0,3
WANGULEN,,,2.0,5
WANLI CHANGCHENG,,,4.0,0
WATT EARP,,,4.0,4
WAYRA TATA,,,4.0,4
WECHUGE,,,3.0,3
WENDIGO,,,4.0,5
WIELAND,,,,0
WIRAQOCHA,,,2.0,1
WITTE WIWER,,,2.0,2
WONDJINAS,,,3.0,0
WONG FEI HUNG,,,1.0,1
WOTAN,,,3.0,3
WU QIN XI,,,4.0,0
WURM DE PANTANO,,,,0
WYRM DE LA PLAGA,,,3.0,3
WYVERN NEGRO,,,3.0,3
XAMEDHI,,,4.0,5
XI YOU JI,,,,0
XIA SHI,,,3.0,0
XIEZHI,,,2.0,3
XIHE,,,2.0,2
XING TIEN,,,2.0,2
XING YI QUAN,,,1.0,0
XIONGNU,,,,0
XOCHI VAOYOTL,,,4.0,0
XOCHIQUETZAL,,,3.0,0
XOLOTL,,,4.0,0
XOLOTL HUETZI,,,3.0,3
Y DDRAIG GOCH,,,3.0,3
Y DDRAIG WEN,,,5.0,5
YABUSAME,,,4.0,0
YAGYU JUBEI,,,2.0,2
YAMA BUSHI,,,3.0,3
YANG FANGMU,,,4.0,0
YANG ZONGBAO,,,3.0,3
YANHUA,,,2.0,0
YANOMAMI,,,4.0,0
YASAKANI,,,,0
YASKOMO,,,2.0,2
YATIRI,,,2.0,3
YE MA FEN ZONG,,,3.0,0
YEE NAALDLOOSHI,,,2.0,2
YELMO,,,2.0,0
YELMO ESCANDINAVO,,,2.0,0
YEMA TIAO JIAN,,,4.0,0
YGGDRASIL,,,5.0,0
YINGZHAO CHUAN-FA,,,6.0,0
YINYANGGONG,,,3.0,3
YMIR,,,3.0,0
YORD,,,3.0,4
YORITOMO,,,2.0,2
YORMUNGAND,,,2.0,3
YOROI,,,3.0,0
YOSEI,,,5.0,5
YOTUNHEIM,,,3.0,0
YU DAYOU,,,3.0,2
YU HUANG,,,3.0,3
YU REN,,,2.0,0
YU SHI,,,2.0,5
YUAN SHUEH,,,2.0,1
YUE LAO,,,3.0,3
YUE TU,,,1.0,0
YUKI ONNA,,,2.0,2
YUM KAAX,,,2.0,2
YUREI,,,2.0,2
ZAMPOA,,,,0
ZAPATOS DE HIERRO,,,2.0,0
ZARA,,,2.0,2
ZATO ICHI,,,3.0,3
ZAZEN,,,2.0,0
ZDUHAC,,,,0
ZEUS,,,3.0,0
ZHANG FEI,,,3.0,4
ZHANG GUO LAO,,,4.0,4
ZHANG SANFENG,,,2.0,2
ZHAO YUN,,,1.0,0
ZHIN REN,,,,0
ZHONG KUI,,,3.0,1
ZHU BAIE,,,2.0,3
ZHU SHUIJIAOLE,,,3.0,0
ZOMBIES,,,3.0,1
ZUI CHUAN FA,,,2.0,0
ZUSANO,,,3.0,1
ZWEIHANDER,,,3.0,0
¡ATENTO RINGO!,,,2.0,0
